{
  "id": "dd721bc1-d8f0-4b43-b0a3-ce00199ed36a",
  "generation": 1,
  "iteration": 9,
  "current_iteration": 25,
  "metrics": {
    "combined_score": 0.08282272821092926,
    "metrics": {
      "converged": true,
      "iters": 12,
      "combined_score": 0.08282272821092926
    },
    "artifacts": {
      "status": "CONVERGED",
      "iterations": 12,
      "eval_time": "32.520s"
    }
  },
  "language": "python",
  "timestamp": 1770112336.915988,
  "saved_at": 1770112639.256886
}