{
  "id": "b334ec1a-f134-49bf-994b-e4510c96e608",
  "generation": 2,
  "iteration": 26,
  "current_iteration": 35,
  "metrics": {
    "combined_score": 0.08291186031768016,
    "metrics": {
      "converged": true,
      "iters": 12,
      "combined_score": 0.08291186031768016
    },
    "artifacts": {
      "status": "CONVERGED",
      "iterations": 12,
      "eval_time": "25.652s"
    }
  },
  "language": "python",
  "timestamp": 1770112658.958832,
  "saved_at": 1770112791.878593
}